<?xml version="1.0" encoding="UTF-8" standalone="no"?><edt College_Name="IFI" Department_Name="IFI"><Days_List/><Hours_List/><Students_List/><Teachers_List/><Subjects_List><Subject><Name>SMA</Name><No_Theory>4</No_Theory><No_Practical>4</No_Practical></Subject><Subject><Name>IA</Name><No_Theory>4</No_Theory><No_Practical>4</No_Practical></Subject></Subjects_List><Rooms_List/><Subjects_Alloc_List><SubjectAlloc><Name>SMA</Name><Theory><Teacher>Cuong</Teacher><Student>M1</Student></Theory><Practical><Teacher>Lu</Teacher><Student>G1</Student><Student>G2</Student></Practical></SubjectAlloc><SubjectAlloc><Name>IA</Name><Theory><Teacher>Lu</Teacher><Student>M1</Student></Theory><Practical><Teacher>Cuong</Teacher><Student>G1</Student><Student>G2</Student></Practical></SubjectAlloc></Subjects_Alloc_List><Activity_List><Activity Duration="1" ID="0" Student="M1" Subject="SMA" Tag="TH" Teacher="Cuong"><Room>-Pas encore alloué-</Room></Activity><Activity Duration="1" ID="1" Student="M1" Subject="SMA" Tag="TH" Teacher="Cuong"><Room>-Pas encore alloué-</Room></Activity><Activity Duration="1" ID="2" Student="M1" Subject="SMA" Tag="TH" Teacher="Cuong"><Room>-Pas encore alloué-</Room></Activity><Activity Duration="1" ID="3" Student="M1" Subject="SMA" Tag="TH" Teacher="Cuong"><Room>-Pas encore alloué-</Room></Activity><Activity Duration="1" ID="4" Student="G1" Subject="SMA" Tag="PR" Teacher="Lu"/><Activity Duration="1" ID="5" Student="G2" Subject="SMA" Tag="PR" Teacher="Lu"/><Activity Duration="1" ID="6" Student="M1" Subject="IA" Tag="TH" Teacher="Lu"><Room>-Pas encore alloué-</Room></Activity><Activity Duration="1" ID="7" Student="M1" Subject="IA" Tag="TH" Teacher="Lu"><Room>-Pas encore alloué-</Room></Activity><Activity Duration="1" ID="8" Student="M1" Subject="IA" Tag="TH" Teacher="Lu"><Room>-Pas encore alloué-</Room></Activity><Activity Duration="1" ID="9" Student="M1" Subject="IA" Tag="TH" Teacher="Lu"><Room>-Pas encore alloué-</Room></Activity><Activity Duration="1" ID="10" Student="G1" Subject="IA" Tag="PR" Teacher="Cuong"/><Activity Duration="1" ID="11" Student="G2" Subject="IA" Tag="PR" Teacher="Cuong"/></Activity_List></edt>